id,分類,名稱,網址
18,CoC 1-50,我的寵物戀人,CoC/1-50/神貓卓CoC紀錄18.我的寵物戀人.pdf
22,CoC 1-50,溫柔地獄的創造方法,CoC/1-50/神貓卓CoC紀錄22.溫柔地獄的創造方法_含秘密骰結果.pdf
23,CoC 1-50,28點的聖禮,CoC/1-50/神貓卓CoC紀錄23.28點的聖禮.pdf
25,CoC 1-50,在泡沫之夢中起舞,CoC/1-50/神貓卓CoC紀錄25.在泡沫之夢中跳舞吧.pdf
26,CoC 1-50,不要迷失在六道的十字路口喔,CoC/1-50/神貓卓CoC紀錄26.不要迷失在六道的十字路口喔.pdf
41,CoC 1-50,咎送的徒花,CoC/1-50/神貓卓CoC紀錄41.咎送的徒花.pdf
44,CoC 1-50,咎送的徒花 - 二團,CoC/1-50/神貓卓CoC紀錄44.咎送的徒花.pdf
46,CoC 1-50,星星的眨眼,CoC/1-50/神貓卓CoC紀錄46.星星的眨眼.pdf
47,CoC 1-50,咎送的徒花 - 三團,CoC/1-50/神貓卓CoC紀錄47.咎送的徒花.pdf
48,CoC 1-50,求死電車,CoC/1-50/神貓卓CoC紀錄48.求死電車.pdf
50,CoC 1-50,SCP,CoC/1-50/神貓卓CoC紀錄50.SCP.pdf
52,CoC 51-100,用手上的刀子，給予你×。 - 二團,CoC/51-100/神貓卓CoC紀錄52.用手上的刀子，給予你×。.pdf
63,CoC 51-100,不眠者,CoC/51-100/神貓卓CoC紀錄63.不眠者.pdf
99,CoC 51-100,給藍色的你 - 二團,CoC/51-100/神貓卓CoC紀錄99.給藍色的你.pdf
101,CoC 101-150,明天見,CoC/101-150/神貓卓CoC紀錄101.明天見。.pdf
183,CoC 151-200,VOID,CoC/151-200/神貓卓CoC紀錄183.VOID_完整收錄.pdf
233,CoC 201-250,溫柔地獄的創造方法,CoC/201-250/神貓卓CoC紀錄233.溫柔地獄的創造方法.pdf
242,CoC 201-250,以心電心,CoC/201-250/神貓卓CoC紀錄242.以心電心.html
